Metric,Baseline (TF-IDF+LR),Transformer (DistilBERT),Improvement
Macro F1,0.7369176944080035,0.7037471021800007,-0.03317059222800278
Micro F1,0.885543331403204,0.872991583779648,-0.012551747623555931
PR-AUC (Macro),0.854493956706223,0.7576057204811512,-0.09688823622507181
Macro Precision,0.721295826455292,0.6442687747035574,-0.07702705175173463
Macro Recall,0.7945266226356457,0.782608695652174,-0.011917926983471716
